DROP DATABASE dtrdb;
CREATE DATABASE dtrdb;
USE dtrdb;
/*
DROP TABLE employee;
DROP TABLE dtr;
DROP TABLE payroll;
DROP TABLE deductions;
DROP TABLE wages;
*/

CREATE TABLE employee(
employeeno  	   INT NOT NULL AUTO_INCREMENT UNIQUE PRIMARY KEY,
pincode            VARCHAR(255) NOT NULL,
fname    	       VARCHAR(255) NOT NULL,
lname		       VARCHAR(255) NOT NULL,
dateofHiring	   DATE NOT NULL,
dateofRetirement   DATE,
position	       VARCHAR(255) NOT NULL,
startingTime	   TIME,
taxCode		       VARCHAR(255) DEFAULT 'Single' NOT NULL,
exempted_amount    FLOAT(2) DEFAULT 50000 NOT NULL
);

CREATE TABLE wages(
employeeno              INT, 
baseSalary	            FLOAT(2) DEFAULT 0 NOT NULL,
pera_compensation       FLOAT(2) NOT NULL,
FOREIGN KEY(employeeno) REFERENCES employee(employeeno)
);

CREATE TABLE payroll(
employeeno           INT,
codeDescription      INT NOT NULL AUTO_INCREMENT UNIQUE PRIMARY KEY,
effectivity_date     DATE NOT NULL,
termination_date     DATE NOT NULL,
basic_deduction         FLOAT(2) DEFAULT 0, 
FOREIGN KEY(employeeno) REFERENCES employee(employeeno)
);

CREATE TABLE dtr(
reference_number          INT NOT NULL UNIQUE AUTO_INCREMENT PRIMARY KEY,
employeeno                INT,
date   	                  DATE NOT NULL,
timeReg                   TIME,
FOREIGN KEY(employeeno) REFERENCES employee(employeeno)
);
-- timein only the first

INSERT INTO employee 
VALUES (001, 0101, "JACO","ABAT",'2018-04-28','2018-04-29',"FACULTY", '11:30:00', "SINGLE", 45000.00 );

INSERT INTO employee 
VALUES (002, 1212, 'BRIAN','PACIA', '2017-03-27','2019-05-30','FACULTY', '11:30:00', 'MARRIED', 50001 );

INSERT INTO employee 
VALUES (003, 1234, 'OWEN','MEDINA', '2016-02-26',null,'FACULTY', '11:30:00', 'MARRIED', 52023 );

INSERT INTO employee 
VALUES (004, 5678,'ANDREA','ANG', '2015-01-25','2021-07-02','FACULTY', '06:30:00', 'SINGLE', 48204);

INSERT INTO employee 
VALUES (005, 9012, 'PIEL','ARCILLA', '2014-12-20','2022-08-03','FACULTY','06:30:00', 'SINGLE', 37708 );

INSERT INTO employee 
VALUES (006, 3456, 'STEPHANIE','ROBLES', '2013-11-19','2023-09-04','FACULTY', '06:30:00', 'MARRIED', 38963);

INSERT INTO employee 
VALUES (007, 0934, 'GOMER','ABESAMIS', '2012-10-18','2024-10-05','ADMIN', '06:30:00', 'WIDOWER', 53198 );

INSERT INTO employee 
VALUES (008, 5937, 'KRISTI','INGCO', '2011-09-17','2025-11-06','ADMIN', '06:30:00', 'WIDOW', 54000);

INSERT INTO employee 
VALUES (009, 0321, 'KENNETH','ALOG', '2010-08-16','2023-12-20','FACULTY', '11:30:00', 'MARRIED', 41101 );


INSERT INTO wages 
VALUES (001, 19850.00, 2000.00);

INSERT INTO wages 
VALUES (002, 17750.00, 1330.00);

INSERT INTO wages 
VALUES (003, 18220.00, 1200.00);

INSERT INTO wages 
VALUES (004, 18150.00, 1000.00);

INSERT INTO wages 
VALUES (005, 19850.00, 1300.00);

INSERT INTO wages  
VALUES (006, 20250.00, 2200.00);

INSERT INTO wages 
VALUES (007, 21950.00, 1000.00);

INSERT INTO wages 
VALUES (008, 17850.00, 1450.00);

INSERT INTO wages 
VALUES (009, 18750.00, 2300.00);


INSERT INTO payroll 
VALUES (001, 108,'2018-09-17', '2019-08-23', 850.00);

INSERT INTO payroll 
VALUES (002, 101,'2018-03-15', '2018-12-10', 2765.00);

INSERT INTO payroll 
VALUES (003, 103, '2017-11-18', '2018-09-20',1220.50);

INSERT INTO payroll 
VALUES (004, 102, '2017-11-18', '2018-09-20', 990.00);

INSERT INTO payroll 
VALUES (005, 106, '2016-08-13', '2018-07-18',850.00);

INSERT INTO payroll 
VALUES (006, 104, '2018-02-03', '2019-01-12',600.00);

INSERT INTO payroll 
VALUES (007, 100, '2017-04-16', '2018-03-22',1767.50);

INSERT INTO payroll 
VALUES (008, 105,'2018-04-25', '2020-03-20', 2000.00);

INSERT INTO payroll 
VALUES (009, 107, '2017-07-06', '2018-08-15',1000.00);


INSERT INTO dtr 
VALUES (NULL, 001, '2018-02-01', '10:55:00');

INSERT INTO dtr 
VALUES (NULL, 001, '2018-02-01', '18:35:00');

INSERT INTO dtr 
VALUES (NULL, 002, '2018-02-01', '11:25:00');

INSERT INTO dtr 
VALUES (NULL, 002, '2018-02-01', '18:32:00');

INSERT INTO dtr 
VALUES (NULL, 003, '2018-02-01', '11:35:00');

INSERT INTO dtr 
VALUES (NULL, 003, '2018-02-01', '18:30:00');

INSERT INTO dtr 
VALUES (NULL, 004, '2018-02-01', '06:35:00');

INSERT INTO dtr 
VALUES (NULL, 004, '2018-02-01', '12:00:00');
